fen,best_move,best_move2,best_move3
rn3bnr/p3p3/b1qpkp2/7B/P2PPPpP/2p1K1P1/1PPNNR2/R1BQ4 w - - 1 25,d4d5,e2c3,h5g4
1rb1kn2/1p1n4/p2b1p2/2p1p1Bp/3pP1PP/PP1q1N2/R1P2P2/1N2KB1R w - - 0 24,c2d3,f1d3,f3d2
1rbqk2r/1ppp1pp1/p7/n3p2p/nBP2P2/1P1PPK1P/P5P1/RN1Q1BNR w k - 3 12,b4a5,b3a4,f3f2
2kr1br1/1q3ppp/p3p2n/2Pp3B/P3P2n/1P1b2P1/2RN1P1P/2B1K1NR b K - 1 28,d3c2,d5e4,h4g2
r1bqk2r/p1pp4/n2np3/1Bb4p/2PPppP1/NP6/PB5P/R1Q2KNR b - - 5 20,h8f8,h8g8,c5b4
rnbqkb1r/pp2nppp/8/1Pppp3/1B6/7P/P1PPPPP1/RN1QKBNR b KQkq - 1 5,c5b4,d8b6,e7g6
rn1qkb1r/1ppb1ppp/3p1P2/p2Np3/6PP/4K1n1/PPPPP1B1/R1BQ2NR w k - 4 12,h1h3,f6g7,h1h2
r2k2r1/1Pqnpp2/p3Bb2/2p4p/5p2/3Q3K/RP1PP2P/1NB3NR w - - 2 26,b7a8q,b7a8r,d3d7
rq5r/pppk1pbp/n4n2/3p2p1/P3pPb1/R1NPP1KN/1PP3PP/2BQ1B1R w - - 5 14,f1e2,d1e1,d1d2
rn2k3/pb3pb1/2pq1nN1/PpPpp2r/6pp/1QRPP3/1P3PPP/2B1KBNR b q - 1 23,d6c7,d6d7,d6e6
2b1k3/3p1p1r/rp1b4/6B1/2p3N1/1QPPnKP1/PP5P/1R3BR1 w - - 9 26,g4f6,f3e3,b3b6
r3kbnr/p1p1p1pp/q1n1b3/1p1p3Q/4P3/2NP4/PPPK1PPP/RNB2B1R b kq - 4 11,e6f7,g7g6,e8d8
r3kr2/pppqnp1p/7n/NP1pp1p1/2Pb4/B6b/P1KPPPP1/RNQ2B1R w q - 1 17,h1h3,b1c3,e2e4
r1bq3r/3p1pkp/1p6/p1p1pnp1/1BP1P1n1/PPNP1P1P/4K1P1/1QR2BNR w - - 5 16,e4f5,e2e1,b4c5
1n2b1nr/6r1/2pkpp1Q/pP4pP/1P1P4/2P4P/4PK1b/B5NR w - - 4 26,h6h8,h6g7,h6g6
rnb1kbn1/p1qp1pp1/1pp4r/4p2p/PP3P2/R2P3N/2PBP1PP/1NQ1KB1R b Kq - 3 9,d7d5,a7a5,e5f4
rnb1k2r/p1p1qp1p/1p2p2n/3p2p1/P1NP1B2/bRP2PPP/4P3/3QKBNR b Kkq - 1 12,d5c4,h6f5,g5f4
r4bnr/pBpk1p2/1p6/2np1pp1/4P1Pp/1PB5/P1PP3P/1R4KR b - g3 0 22,c5b7,a8e8,d5d4
rnbqkbnr/pp1ppp1p/8/6p1/2pP1P1P/P7/1PP1P1P1/RNBQKBNR w KQkq - 0 5,h4g5,e2e4,f4g5
1rb1kb1r/1pp1q1pp/2npp2n/p3P1N1/8/N7/P1PPK1PP/R1BQ1B1R w k - 0 12,d2d4,h2h4,d2d3
2b2bn1/rp3q2/4p2r/1Bpp1p1p/P6k/N2PK2P/1PP1P3/R1B2R2 w - - 2 26,e3f2,b2b3,b5c4
1n2k1n1/r2N2pr/2q4p/1p1P4/1p2p1P1/NPP4P/P2K1PQ1/R4B1R b - - 0 29,c6c3,c6d5,e4e3
rnbqk2B/3p4/4pp1p/1pp3p1/pPP5/P3KPQN/R2PP2P/1N3BR1 b - - 1 20,c5b4,e8f7,b8c6
r2qkbnr/ppp1pp1p/8/nP1p1bp1/P1P2P2/2QPK2P/4P1P1/RNB2BNR w kq - 6 16,e3f2,c3h8,c3a5
rnbqkb1r/1ppppp2/5n1p/p5p1/2P5/1Q3N1P/PP1PPPP1/RNB1KB1R w KQkq - 0 5,b1c3,d2d4,e2e3
r1bq3r/p1pppkbp/n5pn/1p3p2/2P1P3/PPN3P1/3P1P1P/R1BQKBNR w KQ - 1 9,c4b5,d2d4,b3b4
3k3r/2q2pp1/5N1n/pK1p3p/2Q4P/2PP2pR/1P3P2/1bB5 w - - 5 31,c4d5,c4c7,f6d5
r3k1n1/1p3pbr/4p3/p1pp3p/3P3P/1nP1PP1b/1P4B1/1NN1KR2 w - - 0 22,g2h3,c1b3,b1a3
rn1k4/p4p2/2pp1n1r/1p2pp1p/PP2B3/R2N4/2PP1KP1/1NB2R2 b - - 0 21,f6e4,f5e4,f6g4
r4b2/1b1n1kr1/p1pp2p1/R3pPnp/1PpPP2P/B4NPR/3N4/4KB2 w - - 0 25,f3g5,f1c4,f5g6
3q2r1/r1pp1k2/bQ1P2pp/pp1Pp1n1/1P2pB2/4K3/PN4BP/2R4R w - - 8 30,h1f1,b6a7,c1f1
1r3bnr/ppk1pppp/n7/2pb4/4P1QN/1P3P2/P3B1PP/RNqR3K w - - 2 15,g4g3,d1c1,e4d5
bnr2bnr/3k1qpp/2ppp3/pP3p2/1P2PPP1/N1BP3B/P3N1KP/1R1Q2R1 b - - 0 21,f5e4,f5g4,d7e8
rn3bnr/p1pqkp2/B2p4/7p/P3PN2/RPP3p1/3P1PPP/1NBQK2R w K - 1 14,a6b7,f4d5,a6b5
r1b2br1/pQNn3p/2pk1Bp1/2n1p3/2P1p1pP/8/2K3B1/6R1 w - - 0 30,g1d1,c7e8,b7a8
r1bq1bn1/pppppk2/N3N3/5pp1/8/3P2Pp/PP1PPPBP/R1BQ1RK1 w - - 0 12,e6d8,e6g5,g2h3
2B2k1r/r7/n1p1q1np/P2pp2P/1p1NbpP1/b3P2R/1PPPQP2/1RB2KN1 b - - 12 28,e6c8,e6f7,e6e8
r2q1b1r/1Qpkp2p/p1n4n/5p2/2pPP1p1/P5PP/1PP1BP2/R1B1K1NR w KQ - 1 16,e2c4,d4d5,e4e5
1nb2k1r/r1pp1n1p/1p6/1p1Np2R/1P6/R1P2P2/3BB1P1/1N1K4 w - - 0 20,a3a7,d2h6,g2g4
1rq1k1nr/5pbp/2bpp3/pp2n1pP/1Q3N2/1PPp2P1/P2KPP2/RNB2BR1 w k - 2 18,b4a5,b4d6,b4a3
rnb1kbnr/ppp1pppp/8/1P1p4/4PqP1/2P5/P2P1P1P/RNBQK1NR w KQkq - 1 8,d2d3,f2f3,e1f1
rn1nk3/4b3/2b5/p1P1p2q/2PP2p1/N1B4P/P1R1Pr2/4K1NR b q - 1 30,c6h1,h5f7,e7h4
r1bqkb1r/p1ppp2p/2n3p1/1p6/1P3pn1/2PN4/PB1PPP1P/RN1QKBR1 b Qkq - 1 8,c6e5,g4e5,d7d5
1rbk1b1r/4p1Qp/p2p1p1n/8/1pq1PB1p/1nP2BPP/PP3P2/R2K3R b - - 7 29,c4d3,f8g7,b3a1
4kbnr/p3p1pp/B6B/1p1Q1p2/6PP/NPp2N2/1P2qP2/R4RK1 w - - 1 21,d5c6,a6b5,a3c4
2rqkb1r/4ppp1/ppp2nQ1/8/PPpPPB1p/7b/1n1K1PPR/RN3BN1 w k - 0 16,h2h3,d2c2,b1c3
r2qkb1r/pbpp1pp1/5n2/1p2pP1p/3n4/BPN5/P1PPPKPP/1R1Q1BNR w kq - 3 8,e2e3,f2e1,a3f8
2q1kbnr/1p2p2p/r4pn1/2pp2p1/1p1B1P1P/4P1PR/P1PPN3/RN1K1B2 w k - 0 14,d4c5,h4h5,d4b2
n3kbn1/4ppp1/1ppp1r2/3b3p/rpPP3P/R1QNK3/4P1PR/N1B2B2 b - - 1 27,a4a3,b4c3,b4a3
r1b4r/pppk1ppp/n2b3n/4p3/P1Pp4/1P2P1PP/RB1PBK1R/1N1Q2N1 b - - 0 12,a6b4,h6f5,a6c5
r2qkbn1/pbppp1pr/1p6/5p1P/2P2p2/PP6/R2PPP2/1NB1KBNR b q - 2 16,b7h1,e7e6,g7g5
r5q1/3p1k1r/1p2p3/p6p/P1P1p2P/1PNB1p2/1B3KPn/4R2R w - - 1 30,h1h2,g2f3,h1g1
rn1k1b1r/1b1p1ppp/B4q2/3nQ3/1p2P1P1/1P6/P2P1N1P/RNB1K1R1 w Q - 1 17,e5f6,d2d4,c1b2
rn1qkb1r/ppp1pp1p/3p2p1/8/P3P1b1/1P6/2PP2PP/RNBQKBNR w KQkq - 0 6,d1g4,f1b5,f1e2
rnbqkb1r/1p1ppppp/2p5/8/p5P1/P1P5/1PQPP1PP/RNB1KBNR w KQkq - 0 6,d2d4,g1f3,e2e4
r1b2b1r/ppp1k3/n3p1pn/3p1p1p/7P/1PPB3R/Pq1Q1KP1/RN4N1 b - - 1 17,b2d2,h6g4,b2a1
1nbq1k1r/1p1p2pp/r1p1p3/p4p1N/1bPn3P/N3P3/P3QPP1/RKB2BR1 b - - 1 18,d4e2,d8b6,a6b6
1nb2b1r/rq1pkppp/pp2p3/2p5/P3PP2/N2Pn2P/1P1K2P1/R1B1QBNR w - - 1 15,d2e3,e1e3,f1e2
r1bqkbnr/1p1pp1pp/p3np2/2p2P2/3N4/BP2P3/P1PP2PP/RN1QKB1R b KQkq - 2 7,c5d4,g7g6,e6d4
rnbqk2r/pp1pn2p/3p1p2/6b1/3PpPpP/2P1B3/PP2P1P1/R1Q1KBNR w KQkq - 1 11,f4g5,h4g5,d4d5
3nbknr/prp5/3q1pp1/1p1p1B1P/1bPp1P2/7N/PP2PRKP/RNBQ4 w - - 4 18,c4c5,f5g6,h5g6
r3qb2/1pp1k3/5pr1/P2P1n1p/1nB1PP2/N1p5/PB3R1P/R3K3 w Q - 3 25,b2c3,e4f5,e1c1
4r1nr/pq1pkN1p/bpn3p1/4b3/P2pP2P/2P1BP1Q/5KP1/RN3R2 w - - 2 24,c3d4,e3d2,e3g5
rnb1kb1r/1pqpnppp/2p5/p3p3/1P1PP3/2P3PB/P4P1P/RNBQK1NR b KQkq - 2 6,a5b4,d7d5,e7g6
r1b1kb1r/p2n2p1/5p1n/1ppp2P1/q2pP2p/2NNQ2P/RPPP1P2/2BK2R1 b k - 1 18,d4e3,a4a2,a4c2
1r1q3r/p1p1p1bp/4k1P1/1p2pp1B/NPPnb2P/P2Q4/3P4/1RBK4 w - - 0 21,a4c5,d3g3,d3e4
3qkb2/r4p1r/4b2p/ppnpp2P/P2P4/2p2pP1/2P1PK2/R6B w - - 0 30,d4c5,a1b1,h1f3
r1b3n1/2p2kpr/pp6/3pBq1p/1bPn3P/1PNP1pPB/P2KP3/1R4NR b - - 1 27,f5e5,b4c3,f5g6
rnb4r/2p1k1b1/ppBp1nP1/P3p2p/2Qp4/2P3K1/1q5P/RNB3NR w - - 0 20,c4f7,c1b2,g1e2
2b2bn1/rp3k2/p1n1pprp/3P2pP/Rp2P1P1/1BN4K/3P1P2/2BQ2NR b - - 0 21,c6d4,g8e7,g6g7
1n5r/r3bkp1/3B3q/2p2N1p/1pP2P1P/1b1PP2N/P2KQ1n1/7R w - - 1 29,f5h6,h1a1,a2a4
r1b1kb1r/pppnpp2/q4n2/P1Pp3p/1P5p/7N/R2PPPP1/1NBQKB1R w Kkq - 2 10,b1c3,e2e3,d2d4
rnbqkbnr/1p1pp1pp/p1p5/5p2/P1P2P2/R5PN/1P1PP2P/1NBQKB1R b Kkq - 0 6,d7d5,g8f6,e7e6
rnbq1k1r/ppp1ppbp/3p4/3n2p1/P1P4N/3P3P/1P2PPP1/RNBQKB1R w KQ - 2 7,c1g5,c4d5,h4f3
rn2kbn1/p1qpp1pr/2p3b1/1PP5/1P1B1pp1/R2P1P2/3QPKBP/1N4NR w - - 5 18,b5b6,f3g4,f2e1
r1bq1kn1/p1ppbp2/1p2p2r/2P3pp/Q1PP1P2/6KN/P3P1PP/RNB2B1R b - - 1 13,g5f4,g5g4,h5h4
rnbk1b1r/pp3ppp/1qp1p2n/3p4/1P1P1BP1/N6P/P1PKPP2/R2Q1BNR w - - 3 9,c2c3,d2c1,g1f3
rn1k1bnr/3p3p/p4p2/Ppp5/1P1p1PPp/B2KP2B/2P3b1/RNQR4 b - - 1 22,g2h3,c5c4,g2d5
2r1qbnr/ppp1p1p1/n1k1bpNB/1N1p3p/2PPP1P1/PP3Q1P/8/R3KB1R w Q - 2 19,e4d5,g6e5,g6f8
rnq1kb1r/p3pp2/Pp3P2/1P1p3p/2Pn4/N3P3/3PB1pP/1RB1KR2 b kq - 3 25,d4e2,g2f1q,g2f1r
3qk2r/r2n1p2/npP1b3/4p2p/p1PPPP2/1P2KQ1N/5BPP/1R3B1R w - - 3 28,c6d7,f4e5,d4d5
1nbqkbn1/3pppp1/rp5r/p1p4p/P2P1P2/4K2P/1PP1P1P1/RNBQ1BNR b - - 2 7,c5d4,c8b7,g8f6
rn2k2r/6b1/bppq1pp1/pBPppn1p/5P1P/P1R1P3/1P1P2P1/RNB1QKN1 b q - 0 17,a6b5,b6c5,f5e3
r5n1/1p1k1p2/4p2b/p5PB/b1Pp1qP1/PPP5/1K6/RNNR4 w - - 6 31,d1d4,g5h6,b3a4
r1b1kbnr/pppqp1pp/n2p4/Q4p2/8/2PP4/PP2PPPP/RNB1KBNR w KQkq - 4 5,d3d4,e2e3,e2e4
rnbk2n1/p2p1r2/5q1b/1P2pppp/PP1pPPB1/2B3P1/2Q4P/RN2K1NR b K - 2 18,f5g4,h5g4,g5f4
rn3bnr/pq1kpppp/b2p4/1ppP1P2/N5P1/P6B/1PP1P2P/R1BQK1NR w KQ - 5 10,a4c3,a4c5,b2b4
rnbqkbnr/2pppp1p/1p6/p5P1/1P6/6P1/P1PPPP2/RNBQKBNR w KQkq - 0 5,f1g2,c1b2,b4b5
1rb5/2p2p1r/1p1k3n/p2P2pp/PbBP4/N5pN/1B1QK1P1/1R4R1 w - - 3 31,a3b5,d2g5,d2c1
r1b1kr2/pp1pb2p/6P1/QP2Pn2/n3Pp1N/6P1/RB2B2P/3K2R1 w - - 1 30,h4f5,e4f5,a5a4
rnb2bnr/pq2kNpp/3p4/2p1p3/4Pp2/P1PB4/1P1PKPPP/RNBQ1R2 b - - 1 14,e7f7,c5c4,f4f3
rn2kb1r/1p2pn1p/P7/2ppP2Q/7P/2P2P2/PB1PK3/RNq3NR w k - 0 19,a6b7,b2c1,h5f7
2bqkbnr/nppppp2/7p/p5p1/3PP3/1PP4P/PB1N1rP1/RNQ1KB1R b KQk - 0 10,f2f4,f2f6,f2f1
2bq1bnr/pr1kppp1/n2p4/1pp4p/1PP2P2/P1Q5/3PP1PP/RNB1KBNR w KQ - 6 9,c4b5,c3b3,e2e3
rnb2b1r/pppqk2p/3pp1pB/1B3P1P/PP1PP3/3n3N/8/1R3KR1 w - - 1 19,h6g5,f5f6,b5d7
r1b1k1nr/ppp1qp1p/n2b4/3pp1p1/PP2P3/5PPB/2PPN2P/RNBQK2R b KQkq - 1 8,c8h3,g5g4,f7f5
rn1qkbnr/4p3/p1p4p/1p1b4/1PPp1p2/3P2pP/P1QKPPBR/RNB5 b kq - 3 14,d5g2,b5c4,d5f7
2bqkb2/1p1pp3/np3P1r/p5pp/2PP4/P3r1Q1/4pP1P/RN2K1RB w Q - 1 22,f6f7,g3e3,f2e3
1n4n1/1b4kr/Np4pb/1P1P1pq1/p1B5/PRP1Pp1p/3Q1K1P/2B3NR w - - 0 25,f2e1,b3b2,d2d4
rnb1q1nr/ppp1pk1p/3p4/5pP1/8/N1bP2P1/PPPQP2P/1RB1KBNR w K - 0 10,d2c3,b2c3,g5g6
1rb3nr/p1q1kp1p/3p1b2/1p4p1/1n1Pp3/2P1P2N/PP1B1PPP/RNK2BR1 b - - 5 14,h7h6,b4d3,c7c6
1rb1kbnr/1p2p1p1/4qp1p/1pPp4/PnP4P/1PB5/Q3PPP1/R3KBNR w KQk - 3 17,c3b4,a2d2,a2b1
r1bq1bnr/p2p1kpp/2p2p2/1p2p3/2P5/N2n4/P1QPPPPP/R1B1KBNR w KQ - 1 9,c2d3,e2d3,e1d1
1n2k1r1/3p3p/r3p3/5Ppn/1p3Q1P/p1PPNP2/R1P2K2/2B2B1R b - - 0 29,g5f4,h5f4,b8c6
1rb1kbnr/p1q1p2p/n5p1/4Pp1P/p1p5/Rp4PR/1P1P1P2/1NBQKB2 w k - 2 15,h5g6,a3a4,d2d4
rnbqkb1r/pp1p1p1p/6pn/2p1p3/4P3/1P4PP/P1PP1P2/RNBQKBNR w KQkq - 0 5,b1c3,f1c4,f1g2
r5nr/1b2p2p/1p2nkp1/p2p4/Pp1P1P1P/6PN/7R/4KB2 w - - 0 31,h3g5,h2d2,h4h5
r1b1kbr1/1p1ppp1p/p2P4/2pn2p1/3B3P/1P1P1Q2/P1Pq1PP1/2R1KBNR w Kq - 0 12,e1d2,,
4k1r1/p1r2qbp/3P1P2/2n1p2p/PNP3n1/BP5b/R2PQP2/4KB2 b - - 0 23,c7d7,h3f1,c7b7
1rbk2nr/1ppp4/1Q6/pPn1Pp1p/N1P2K2/5P2/Pb2B1PR/R5N1 w - - 2 31,b6c5,b6g6,b6a7
2b1k2r/2qp2p1/r1p1p1pn/1p4P1/1P1P1b2/N5N1/P1Pn2KP/5R1R w - - 3 31,g5h6,a3b1,f1f2
r1q2b2/2n1pkpr/4bn2/Pppp1BPp/P4P2/1QPPB2P/4PK1R/RN4N1 b - - 0 20,e6f5,c5c4,b5a4
r4b1r/p1Npn1p1/7p/2n1k3/2P4P/p1N2bP1/RPq1P3/2B1KBR1 b - - 0 21,c2c1,e5f6,a8b8
1nbqkb1r/1ppppppp/r4n2/p7/1P6/5PP1/P1PPP2P/RNBQKBNR w KQk - 1 5,b4b5,e2e4,e2e3
rn1qkbnr/p2p1ppp/b1p1p3/1p6/4P2P/1P5N/P1PP1PP1/RNBQKB1R b KQkq - 0 5,d8h4,d7d5,c6c5
5bnk/2B1p2r/p1rpP2p/1p1n3p/1PN1PP1P/3P1R2/P1P1B3/2R1K1N1 w - - 3 26,c7d6,e4d5,c7a5
r1b2r2/2p2pbp/n2k2p1/8/p2pn3/P4PPP/1N2K1B1/1RBQ2NR w - - 4 27,f3e4,c1f4,b2c4
r3k2r/2pqpp1p/np3n1b/p2p1b2/1P4pP/B3NPPN/P1PPP3/R1Q1KB1R b KQkq - 7 11,h6e3,g4h3,a5b4
3qr1nr/1P2k1p1/3p1p1p/p1p1p3/1nQ1P3/NPB3bP/R2PBNPR/5K2 w - - 6 31,c3b4,e2h5,a2a1
r1bq1bnr/pppkpp2/2np4/7p/2P2p1N/3P2P1/PP2P2P/RNBQKBR1 b Q - 1 8,f4g3,e7e5,d7e8
3k2nr/rbpp2p1/3Np1qp/1p6/2nPPp2/P1BK2R1/QPP1BP2/R5N1 w - - 2 24,d6b7,g3g6,g3g4
rn1qkbnr/p1p1pppp/3p4/1p6/1P2PPb1/7N/P1PP1KPP/RNBQ1B1R b kq - 3 6,g4d1,g8f6,g4h3
2b1k1nr/1rp2p1p/6p1/p1n1N3/3pp3/4P1P1/PP1P1P1P/NRBK1B1R b k - 3 20,d4d3,g8h6,g8f6
r1b1kb1r/1Rpp2pp/2n5/6qP/1P1Pp3/5p1R/1PPQPP2/1NB1KBN1 b kq - 0 13,e4e3,g5d2,g5g1
rnb3nr/pp2p1B1/4k1p1/2pp1p2/2PP4/2P3PB/P1K1PP1P/RN2NQ1R w - - 3 17,g7h8,h3g2,c4d5
r1bqkb1r/2p1ppp1/7p/p2p1n2/Pp1P3P/2PN1P1R/1P2PB2/R2QKBN1 b Qkq a3 0 14,b4a3,f5d6,b4c3
1nb1kb1r/2r4p/p6n/Pp1p1p2/5PQP/3N2P1/1PpK1P2/R1B2q2 b k - 0 25,h6g4,f5g4,f8b4
rn1q1knr/p1pp3p/4p3/1b3pN1/N1P5/1P1BP1b1/PB1PKPPP/2RQ3R b - - 0 15,b5a4,d8g5,g3f2
rn1q2nr/pp2pkb1/2ppbp2/6pp/2P1P3/1P1Q3P/P2P1PP1/RNBK1BNR b - - 5 9,b8a6,e6d7,a7a5
rB2k2r/pp5p/n1p1b1p1/2p5/3q1p2/N1nP1PPP/PP2P1B1/1QR1K1NR w Kq - 3 19,b2c3,a3c2,c1c3
rn1q1bnr/ppp1pp1p/3k4/Q2p2pP/2P5/N7/PP1PbPP1/R1B1KBNR w KQ - 0 8,a5d5,f1e2,g1e2
r1b2n2/ppp1r3/2k1pq1n/2bp2pp/5PP1/PPNBPR2/2PP1K2/R1BQ2N1 b - - 9 20,g5f4,h6g4,a7a6
r1bqkbnr/pppp1ppp/2n5/4p3/3P4/7N/PPP1PPPP/RNBQKB1R w Qkq - 3 5,d4d5,d4e5,c2c3
r1b1k1nr/p1q4p/2pppp1b/2n5/P2PPPRB/2P3P1/pPQ5/1N3KNB w - - 6 28,b2b3,d4c5,b2b4
1nbq1k1r/1r3p2/pPP5/3ppnpp/1P2P2P/2P2K2/3NNbP1/1RBQ1B1R w - - 2 18,f3f2,c6c7,e4f5
r2qk1n1/n1p2p2/b3P1pr/1p1pP1Bp/pPP2P1P/N6N/P2K1bP1/R1Q2B1R b - - 0 21,f7f6,d5c4,f2e3
3rkbr1/3b1pp1/1p2pn1p/p1pp2P1/PnQ1P3/1PB2P1B/1NP1K2P/R5NR w - - 6 19,e4d5,c3f6,c3b4
r3k2r/p2n2b1/3q3n/Pp1N1pPp/1Pp1p3/2P1P1Pb/3P2BP/RNB1K1R1 w Qkq - 1 25,g5h6,g2h3,d5c7
r2k1bnr/1bp5/1pn5/BN1p1ppP/P7/2R4N/1PP1qPBP/2K4R w - g6 0 26,g2d5,h3g5,c3e3
r2qkb1r/pbpppppp/np3n2/8/2PP4/7N/PP1KPPPP/RNBQ1B1R w kq - 1 5,d2e1,b1c3,f2f3
1nbq1knr/rppp3p/6p1/p4p2/5pPN/P2PP3/P1P4P/RNBQKBR1 w Q - 0 11,g4g5,h4f3,h4g2
rn1qkb2/pppb1p2/6pn/2Pp2Pp/P3p3/1P2P2N/3PBr1P/RNBQ1RK1 w q - 0 12,f1f2,h3f2,g5h6
rn2kbnr/p1pb1p2/3qp2p/3p4/PpP2pP1/2N5/1P1PP1BP/R1BQK1NR w Kkq - 2 12,c3b5,c4d5,c4c5
r1bqkb1r/p2p1ppp/n7/2p1pnB1/7P/1pNP1PP1/PPP1P2R/R2QKBN1 w Qkq - 0 9,g5d8,a2b3,e2e4
2k4r/1b1q1N1p/4pb1n/1p1p2p1/r1PPP1P1/p6P/P1QKBPR1/R5N1 w - - 5 30,c4d5,c4b5,f7h8
1n1k4/1b2pnB1/rp4p1/pqpp4/P1P1P2P/RP2QP1N/2BP2KP/1N5R b - - 1 29,b5d7,b5e8,b5c6
rnq2b1r/3k4/pppp1p1p/7p/PPPB4/3PPPKb/N2R3P/3Q2NR w - - 0 24,g1h3,g3f2,g1e2
r1b1kb1r/pp3p2/7p/2ppp3/1n1q2P1/P6P/R1P1P1P1/1NBQKBNR w kq - 0 13,d1d4,a3b4,a2b2
5N1r/rp2n3/1k2P3/p1pp2Np/2P5/P3Q1P1/NP1P3P/R1B2KR1 b - - 0 24,h8f8,a7a6,e7c6
rn2kb1r/2Qqpppp/4P3/p1p4P/1pN3PR/1P6/P2PKPb1/R1B2BN1 b kq - 6 23,g2f1,d7c7,g2f3
1nbk2nr/r1pp1p1p/p5p1/1p1P1qP1/5b2/P1N5/RPP1PPBP/2BQK1R1 w - - 1 13,g2e4,d1d4,e2e4
1nb1qbnr/rpp5/4Np2/3k2p1/p3pPp1/2pPP2P/PP2K3/RN1Q1BBR b - - 0 21,d5e6,e4d3,d5d6
rnb1k2r/pN1p4/2pqp1pb/6n1/2PPp1Pp/5P1B/PPNQ3P/R1B3KR w kq - 4 18,b7d6,d2g5,c4c5
7r/p2b1k2/3R2pq/1Qn2p1n/2P1PPP1/N6P/P1Kb2B1/4R3 w - - 7 30,d6d7,b5c5,e4f5
r1b1k1r1/1p1pqn1p/p1nb2p1/4pp1Q/PpB2P1N/2P1P3/R2P2PP/1NB1K2R w Kq - 0 14,h5h7,h4f5,h5e2
1n2q2r/r2p2k1/4pN1n/pbp4P/Pb3PpP/4P2N/BPPP2K1/R1B4R w - - 0 23,f6e8,h3g5,h3f2
rnbqkbn1/ppp1p3/7r/3p1ppp/P3P2P/6P1/1PPPBP2/RNBQK1NR w KQq - 0 6,h4g5,e2h5,e2b5
r4k1r/p2nn1pp/2p5/3p2BN/P1ppP1bq/3B4/1P1K1PPP/RN3R2 w - - 0 19,g5h4,f2f4,g5e7
1n4nr/r1p1kp1p/pp1p2pB/2b5/P3PN2/1PPB2Pb/7Q/1N2K3 b - - 4 23,g8h6,g8f6,h3e6
5bnr/pb1k1ppp/2r1p1n1/P1pPp3/1p2P3/1PP2PPP/1R3R2/1NBQKB2 w - - 0 22,d5c6,f1b5,a5a6
2Nk2r1/5rpn/n1p2p2/p2p2p1/4P3/b2PKp1N/1PP3PP/1R3B1R w - - 0 22,b2a3,b1a1,e3f3
r3kbnr/1bpp2p1/1p5p/p4p2/5P2/1P1P2qB/P2QP2P/1R1K2NR b - - 1 22,g3f2,g3h4,f8b4
rn2kbnr/1b2p3/1qpp2p1/pp3P1p/2P5/1Q1P4/PP1NKPPP/RNB2B1R w kq - 2 13,f5g6,c4b5,e2e1
r1bqkbnr/p1p1pppp/B7/3p4/1p4P1/2P1P3/PPQP1P1P/RNB1K1NR b KQkq - 0 5,c8a6,h7h5,e7e5
1n1k4/r2bn2r/p1p1P1Rp/bB6/PP5P/2BKP2N/3P1P1Q/RN6 b - - 0 29,a5c7,a7b7,a7c7
rnbk1bnr/p1pqpppp/1p6/3p4/P6P/6PN/1PPPPP2/RNBQKBR1 b Q - 0 5,e7e5,g8f6,b8c6
rnbk2nr/1p1p4/1pp1p1p1/4Pp2/1q1P1Pp1/P6P/1B5R/RN1QKBN1 w Q - 0 17,a3b4,b1c3,d1d2
Bnb1k1n1/p3B3/5b2/3p4/PQPpP1p1/1P5p/3N1P2/2KR2NR w - - 2 25,e7f6,e7d6,e7c5
1r1q2nr/p1pkbp1p/b1np4/6p1/1p1p1PP1/3QB2P/PPP1P3/RN2KBNR w KQ - 6 12,d3a6,d3f5,c2c4
6n1/2pb1k2/3p2p1/p2n3r/2p1rP2/B1PQ3B/P3P1qP/RN1K2NR w - - 1 25,h3g2,f4f5,d3f3
1nbqk1n1/r1pp2br/1p3p2/p3p1pp/P4B2/N2P1Q2/1PP1PPPP/1R2KBNR w K - 2 11,f4d2,f4c1,a3b5
rn2kb1r/pp2pp1p/5np1/1Npp1b2/P2P2PP/2q5/1PPNPP2/R1BQKBR1 w Qkq - 5 10,b2c3,b5c7,b5c3
1kr3nr/pp2pN1p/1q1p1n2/1Pp1b1p1/2P1B1P1/P1N1P2b/3PQP1P/R1B1K1R1 w Q - 0 15,f7e5,e4f5,c1b2
rnbqkbn1/p3ppp1/1r6/1ppp3p/P1PP3P/1P2B1P1/3KPP2/RNQ2BNR w q - 1 12,d4c5,d2e1,c4b5
r3kb1r/pb2n1p1/Qp1p2qp/2P1pp2/2P5/BPN2PPB/P3P1KP/R5NR w - - 1 23,a6b7,h3f5,a6a4
rnbq2nr/p1p1pkbp/3p1pp1/1p6/3PPPP1/2P5/PPQ3BP/RNB1K1NR w KQ - 2 9,h2h3,a2a4,f4f5
2b2bnr/1p1ppk2/rq6/Pn3p1p/2P3N1/P3P1PN/2PB1P1P/1R1QKB1R b K - 0 16,h5g4,b6c7,f8g7
r1bqkb1r/p1p2p2/3ppPp1/n6p/1pP1PP1P/NP1P3N/P7/R1BQKB1R w KQkq - 0 12,a3c2,c1d2,d1d2
r3kb1r/1pqbn2p/B7/p1p1p3/5p1p/NP3PR1/PBPPQP2/R3K3 b kq - 0 18,f4g3,h4g3,a8a6
r1bq2r1/pp1p1k2/n2bppp1/P1p4p/2PPPP1P/3Q2n1/1P2N3/R1B1KB1R w KQ - 2 14,d3g3,e2g3,d4c5
rnbqkbnr/1ppp4/pB4p1/4ppQp/6P1/1P1P1N2/P1P1PP1P/RN2KB1R w KQ - 0 9,g5g6,g5d8,b6e3
r4k1r/3nnppp/2p5/1pb1p1q1/pPPPp1bP/P3P1P1/1Q1N1P1N/R3KR2 w Q - 2 20,h4g5,b4c5,d4c5
r1bq3r/1p1pp1b1/n5kn/p2B1pp1/3PP1pP/NPP2P2/P3K3/1RBQ2R1 w - - 3 21,e4f5,f3g4,h4g5
rn1qkb1r/p1ppn3/5p1p/2p1p1p1/4P1P1/4K2b/PPQP1P1P/RNB2RN1 b kq - 3 13,h3f1,h3g4,h6h5
r1bk2B1/1ppp2b1/6pr/p4p1p/2N5/qPP1P1PP/Q4pR1/R1BK4 w - - 0 31,g2f2,d1e2,c4d2
r3q1nr/p3kp2/pn6/P2p1Ppp/8/3P1NPP/bP1KPR2/1RB2B2 w - - 1 24,b1a1,a5b6,f5f6
1n2kbnr/rb1qpppp/1pp5/pP1p4/6PP/2P4N/P2PPP2/RNBQKB1R b KQk - 3 9,c6b5,e7e5,a7a8
r2r3b/pn2k3/b4p1n/1p1P2pp/PPR2pq1/R1P2NPP/2Q1K3/1NB2B1R w - - 3 27,c2h7,c4e4,h3g4
r2qk2r/1ppn1p2/p2p4/2bPpPNp/3B3P/3P3b/PPP3P1/RN1QKB2 w Qkq - 1 12,d4c5,g2h3,d4f2
5b1r/nbp2k2/2PQ3P/p4P2/R1P2P2/4Pp2/1q5N/2B1R2K b - - 0 29,b2g2,f8d6,c7d6
r1b1k1nr/pppp1pqp/n7/4p3/1b2Q1pP/P3P2R/RPPP1PP1/1NB1KBN1 w kq - 7 9,h3h1,h3g3,a3b4
rnbq1bnr/p2pp1pp/4k3/1pp5/5p2/NPPBP1P1/PB1P1P1P/R2QK1NR b KQ - 3 7,f4g3,g8f6,f4e3
1rbqkbnr/2pppp1p/1Qn3p1/p7/2P5/6P1/PP1PPP1P/RNB1KBNR w KQk - 0 6,b6e3,b6c5,b6b8
r2qkb2/1bpnpr2/pp4p1/3n1pN1/4P1pP/1PPB1P2/P2P1K2/RNB4R b q - 2 14,d7c5,d7e5,f7f6
r1bq1bn1/2pnpkp1/p2P4/1p4pp/3P4/8/PP1NPPPP/R1B1KBNR b KQ - 1 12,e7e5,e7d6,g8h6
1nb3nr/rppkqpp1/3p3p/p3p3/PbP4P/R4N2/2QPPPPR/1NB1KB2 w - - 4 10,a3a1,b1c3,g2g3
rnbqk1nr/p5b1/Bppp1p2/6pp/1P2PPP1/2PP4/P3K2P/RN1Q2NR w kq - 5 14,a6c8,a6b7,g1f3
1rb2bn1/2qkp3/3p2p1/PN3p2/P1Pp4/4P1P1/1R1BNP2/4KB1r b - - 4 21,c7c6,d4e3,c7c4
rn2k1r1/2qb2pp/1p2p2n/2bNP1RP/pp5Q/1P3p2/P1PP1PPB/2KR1B2 b - - 2 22,c7c6,c7a7,c7b7
3rq1nr/pbp1pk1p/2np1pp1/B1P1P3/p7/N1Q2P2/RP4PP/3K1BNR w - - 9 17,a5c7,f1c4,e5d6
rn1qkbnr/pppb1ppp/4p3/4P3/B2p4/7P/PPPP1PP1/RNBQK1NR b KQkq - 1 5,d7a4,d8g5,d4d3
r1q2br1/6k1/1p2p1p1/p1pb2np/PPP2P2/3P2Q1/R3B1PP/4K2R b - - 0 29,g5h7,g5f7,g5f3
rnb4r/pp1kppbn/N1pp2pp/6B1/2PP4/7P/PP2PPPR/R2QKBN1 w Q - 4 10,a6b8,g5d2,g5h6
rnbqkbnr/2pp4/4pp2/p6p/pPPP2Pp/N7/3NPP2/R1BQKB1R b KQkq - 0 10,h5g4,c8b7,a5b4
rnb1kB1r/p1p5/qp3n2/3p1pNp/4p2P/2NPbP2/P1P1K1P1/R2Q1BR1 b kq - 1 19,e3g1,h8f8,e8f8
rnb1kbnr/pp1qppp1/3p4/7p/2pP1P2/4P1P1/PPPNBK1P/1RBQ2NR w kq - 2 9,e2c4,d2c4,h2h3
rnq3nr/p1p2kp1/b2p1p1p/2N5/1PpP2P1/P3PP1P/1Q2K1B1/R1b3NR b - - 0 22,c4c3,c1b2,d6c5
2r1kr2/5p2/np2bbRB/p1ppp2P/2P1P3/PPQP3B/4K2P/1R6 w - - 3 29,g6f6,h3e6,h6f8
rnb1k3/1p1p1p1r/1qp1p1pn/p1b5/2P1P1PN/5B2/PP1P1P1P/RNBQK2R w KQq - 0 11,d1e2,h4g2,e1g1
r1b2q1r/p2pk1Bp/n6n/Ppp2p2/2PPPP2/1P5p/2RK2PR/1N3BN1 b - - 1 19,f8g7,f8f7,f8g8
rq2r1k1/1pp1np1p/p5pb/PP1pN3/2P5/1R5P/3NP3/2BQKB1R b - - 0 19,e7f5,h6g7,c7c5
4kbnr/1rpnp3/5Q1p/pB6/1N2PPp1/4K3/bP4PP/R1B1R3 w k - 2 25,b5d7,f6g6,f6c6
rnb3r1/3pk3/3b1pPp/1p2pQ1P/p3PB1N/1PNPR3/P1P1B1P1/R2K4 w - - 0 26,c3d5,f4g5,f4h6
5kr1/r4n1p/3bb1p1/PP2Pp1P/3p1P2/B2K3N/2P3P1/R1Q2B1R b - - 0 26,f8g7,d6a3,g6h5
3r4/2n1nk1N/8/p2ppqpp/3Pb3/bQP2P2/P2NP1BP/3RK3 b - - 1 29,e4c2,f5h7,e4d3
r1b2k1r/1p2pn1p/2nqp1p1/5p2/pRP2BPb/2PP4/P2QPP1P/4KBNR b K - 5 17,e6e5,d6d8,d6d7
r3Nbr1/1b1pk1q1/8/pBp1ppp1/2P1n3/PP3QP1/3P1P1P/R1B1K1R1 b Q - 1 20,a8e8,e7e8,g7g6
1k1r1br1/p1qnpp2/b4n2/1p1P2pp/Ppp3P1/4P2P/1P1KBPN1/1NBQ1R2 w - - 5 20,d2e1,a4b5,e3e4
3r1kr1/pb4p1/nn1b1p1p/1Np1p3/2pPPP1P/2B5/PP2BKP1/1R4NR w - - 0 23,b5d6,d4e5,d4d5
rnb1kb1r/1p1p3p/2q3pn/2pPpp2/p2Q4/1P2PNP1/P1P2P1P/RNB1K1RB b Qk - 0 12,c5d4,e5d4,f8g7
1nbq4/2ppp1k1/rp3n1b/p2Q4/2P1rN1P/P4p2/1P1P1P2/RNB1K2R w KQ - 0 21,d5e4,e1d1,e1f1
2bq3r/r2p1p2/4kb1n/p1p1p1P1/1P3P2/1n1PB2N/P1PQP2P/R3KB1R w KQ - 1 19,a2b3,c2b3,f4f5
1r1qkb1r/1bppp3/pp4p1/P6p/4p3/R1PPPPPP/1P1BBR2/3QK1N1 b k - 1 15,e7e6,h5h4,e7e5
r1b1qr2/pppppkbp/5p1n/1B3n2/6PP/2N1PQ2/PPP5/R1BNK2R b KQ - 2 13,f5d6,c7c6,a7a6
1r1k1b1r/p1p1p1p1/4b3/1Nqp2Pp/1P2Pp2/7N/PPnBBP1P/R2Q1RK1 b - - 6 20,c5b6,f4f3,c5b5
rn1qk2r/2pn3p/pp1p1p2/3BpPN1/1P4P1/B1b1Q3/P1PP1PKP/RN3R2 w kq e6 0 14,g5e6,g5f7,b1c3
rnbqkbnr/3pp2p/p1p2p2/6p1/2p5/NQ6/PP1PPPPP/R1B1KBNR w KQkq - 0 7,a3c4,b3c4,b3d1
rnb1kb1r/2q1p2n/ppP2p1p/3pB3/P5p1/3Q1P1P/1PP1P1P1/1NR1KBNR b Kkq - 1 13,c7e5,f6e5,c7c6
r1bnkb1r/ppp1p1pp/3p1n2/5N2/3K1P2/1q6/P1PPP1PP/RNB1QB1R w k - 0 11,a2b3,f5d6,c2b3
1nb4r/1r1pkqpB/p1p3Q1/1pP4p/P4p1P/4pP1N/4K1P1/RN3R2 b - - 0 26,f7c4,f7f6,b5a4
r1bq1knr/ppppp2p/n4p2/2P2Q2/1bB3p1/6PP/PP1PPP2/RNB2KNR w - - 0 14,d2d4,f5h5,c4g8
4k2r/r1pn2pp/pp1b1p2/N2ppbN1/1Q5P/1P1PnP2/PRPBP1P1/4KB1R b Kk - 5 14,d6b4,d5d4,e3f1
2b4r/rq1k2pp/1pn4n/2p1pP2/3P3P/1PQ2P1N/P3PK2/R4B1R b - - 0 26,e5d4,c5d4,c6d4
2b1k1nr/7p/1pN1p2b/p1np1p2/P2P1Np1/3Q2P1/R3PP1P/2BK1B1R b k - 0 20,c5d3,c5e4,g8e7
1r1qkb1r/2pnppp1/p3b3/Pp1p3p/1nN1P1P1/2N5/RPPP1P1P/2BQKB1R w Kk - 0 13,e4d5,c4e3,c4a3
r1b3k1/2pp4/p3q1P1/1pP2r1p/4Q1nP/6P1/R2PK3/6NR w - - 2 25,e4e6,a2a4,e2d3
rnbqkbnr/1pppp3/p7/5ppp/P3P3/5Q2/1PPP1PPP/RNBK1BNR b kq - 1 5,d7d6,f5f4,g8h6
1nbq1knr/rpQ1p2p/p2p1ppb/8/8/2PPP3/PP3PPP/RNB1KBNR b KQ - 0 10,d8c7,b8c6,d8d7
rn1qkb1r/1b2pp1p/1Np5/p2P2p1/1p5N/6n1/PPPPBPPP/R1BQK2R w KQkq - 2 11,h2g3,f2g3,d5c6
r1b1kb1r/3ppppp/pqp5/1p1B1n2/Pn1PP3/6PN/1P3P1P/RNB1QK1R w kq - 1 11,e1b4,d5f7,d5b3
r1br1bkq/p2p2p1/n7/B1p2PQp/2K2pP1/NP4RP/P2P4/1R3BN1 b - - 0 27,c8b7,f4g3,a6b4
rnbqkbnr/1pppp1pp/p7/5p2/3PP3/1B5P/PPPB1PP1/RN1QK1NR w KQkq - 3 7,e4f5,b1c3,d1f3
r4bnr/p2kpp2/2ppn3/3B1N1p/1p5P/3P2Rb/PPP2K2/RNBQ4 b - - 0 17,h3f5,h3g4,c6d5
r3kb1r/2q1pppp/ppppb3/1n6/3PPPn1/P1N4P/1PP3PR/R1BQKBN1 w Qkq - 1 12,c3b5,h3g4,f1b5
rnb1q2r/pp2bp1p/3pk2n/2p1p1p1/PPP1P1P1/N4P2/2QPK2P/RNB2B1R w - - 1 14,b4c5,a3b5,b4b5
r1b1kb2/2p4r/p1q4p/1p1p2p1/1nP2nPP/B1NP4/P3BP1R/R2K2N1 b q - 7 20,b5c4,f4e2,d5c4
rnb1r1k1/3p1p1p/1pp1N3/p4np1/2P3PP/PQ1P4/P3PP2/R1B1KB1q w Q - 2 16,g4f5,b3c3,c1g5
2k3nr/2pr1pb1/4qn1p/1p1N2p1/pP1Pp3/P2R3b/2PKPPPP/2B1QBR1 w - - 4 23,d3h3,d5c3,c1b2
r4bnr/1p1kp1p1/p2q3p/5P1P/2p1NP2/PQ1p1P1R/RP3K2/2B2B2 b - - 7 25,c4b3,d6d4,d6c6
r1bqk1r1/4bp1n/pn1pp3/1ppQP3/1P3pP1/N1PP2Bp/P2K1N1P/R4BR1 b q - 1 25,b6d5,e6d5,f4g3
rn2qrk1/p1p3p1/1p2p3/2bp1pnp/b1PP3P/N3PPP1/PP2K1BR/2RQ2N1 b - - 0 17,a4d1,g5f3,g5f7
r3k2r/1Bpb4/2np3p/pN2p1p1/P3P1p1/B2P1N2/n1P1QP2/R4K1R b q - 7 23,a2c3,e8e7,h8f8
rn1qkbnr/p1p1pp2/3p3p/1p3Pp1/2bPP1QP/P6N/1PP2KP1/RNB2B1R w kq - 0 10,f1c4,h4g5,e4e5
1nbqkb1r/r2ppp1p/1pp4n/p5p1/1PPP4/P4N2/4PPPP/RNBQKB1R w KQk - 0 7,c1g5,b4b5,b4a5
r1bn1k2/p2pp1r1/2Q2bpp/2nP2PR/2p5/P1P1B3/RP2PP2/1N3K2 w - - 4 30,c6a8,c6c5,c6c7
4r3/1ppk3r/n5bq/2bPPp1p/p2Q3P/P4NR1/1P3PP1/R1BK1B2 b - - 6 27,c5d4,h6c1,h6g7
r2k3r/1pp3pp/n1Q1b3/p2ppp2/PbB1n3/N1P1P1PP/RP1P4/2B1K1NR b - - 3 15,b7c6,d8e7,a6c5
r3k3/p1p1b2r/2bpp3/4QNnp/qn1P1pP1/1PP1PP1P/4R3/1N2KB1R b K - 9 27,b4d3,g5f3,d6e5
r1b1kb1r/p3pp1p/n2p3n/qppP2p1/Q4PP1/2P5/PP1BP2P/RN2KBNR w KQkq - 1 10,a4a5,a4c2,a4e4
rnb1qbr1/5ppp/pppk4/1P1p1PNn/4p3/P1N3PP/1BPPPK2/1R1Q1BR1 b - - 0 15,h5f6,a6b5,h7h6
rn3r2/1p2b1k1/6pp/pp2p3/2pQP1b1/2NN1PPP/2P2RK1/3R4 w - - 4 28,d3e5,d4e5,d4d5
rnq1kbnr/pppbp2p/5p2/3p2p1/8/P1PPPNP1/1P1B1P1P/RN1QKB1R b KQkq - 0 7,g8h6,c7c5,f8g7
r1k2b2/1bp3pr/p1Pp1P1n/4p2p/1QK5/2N2PPN/PPP4P/R4B1R b - - 4 25,b7c6,d6d5,a8b8
1q2Nbr1/r1ppp3/6p1/PbB2k2/Q1P5/3p3P/1P1K2Pn/RN3B1R b - - 0 23,b5a4,f8h6,h2f3
rnbk1bn1/pp1p2p1/2p1p2r/5pqp/4N3/P1PPPP1N/1P1K3P/R1BQ1B1R w - - 2 11,e4g5,h3g5,d2c2
4rbr1/3ppp2/b4np1/1BpkP1Bp/Pp5P/1PP5/Q4PP1/RN1K3R w - - 0 23,e5f6,a2d2,g5f6
rn2k2r/2pp2p1/ppb1p2n/5p1p/1bP1PP1q/2QP3P/P5P1/RNB1KBNR w kq - 2 12,e1d1,e1e2,e1d2
3kb1n1/rp2p2r/2p1P2b/q4pp1/1PpP1PPp/1R6/1B2N2P/3QKR2 w - - 2 24,b4a5,f4g5,b3f3
3qkbnr/1ppbppp1/r1n4p/N2p4/PPPP4/8/4PPPP/R1BQKBNR w KQk - 1 8,a5b7,a5c6,c4d5
rnbk1b1r/3qn1pp/pp2p3/Q1pp1p2/1P3P1P/2P5/P2PP1P1/RNB1KBNR w KQ - 1 10,a5b6,a5a3,e2e3
rnbk1bnr/p3pp1p/Bp1p2p1/2p5/4P1Q1/NP2q2P/P1PP1PP1/2B2KNR b - - 2 12,c8a6,b8a6,c8g4
r2q1k1r/p1p2ppp/n7/1P1p1P2/3p2P1/7P/PP2K2R/R1B2BN1 w - - 0 19,b5a6,g1f3,e2d1
3Nk2r/r1q1p2p/pp1p3n/P4bNP/3P2p1/2n3PR/2PBPP2/1Q2KB2 b k - 2 24,c3b1,e8d8,b6a5
rn4nr/2p1k2p/1pb1p1pb/p1N1pp2/PP1Pq3/5PQ1/2P3PP/R1BK1B1R b - - 8 19,e4d4,f5f4,e4d5
2b2bnr/1rpk2p1/p2N4/1p1pp2p/P3PB2/3P1PP1/1Pn1K2P/1R3BNR w - - 0 19,d6b7,d6f7,d6c8
r3kbnr/2n1p1pp/2ppbp2/p4P2/1p2B2P/N1P3P1/PP1PPQ2/R1B1K1N1 b Qk - 0 16,e6d7,e6d5,e6f5
rnb1kbnr/pp1ppp1p/6p1/2p5/2N5/2P1P3/PP1P1PPq/R1BQKBNR w KQkq - 0 5,h1h2,c4b6,g1f3
rn3b1r/p2pn3/b5kp/qpp1p1p1/1P1PPBP1/5pN1/P1PK1P1P/RNQ2B1R b - - 0 14,c5b4,a5b4,a5b6
1r1qk3/1pp1prbp/5p2/3p1np1/3P3Q/pP2PPP1/n1P1N3/RNB1Kb1R w - - 2 19,h4h7,h4g4,h4h2
r1bk1br1/p1qnp2p/1ppp1ppn/8/NP1P1P2/P3B3/2P1P1BP/R2QK1NR b KQ - 1 20,b6b5,d6d5,g6g5
r1bqk3/p1ppb2r/n5pp/1p2pp1n/8/1PNPP1PB/PBP1NP1R/R2QK3 w Q - 2 13,h3f5,d3d4,h3g2
rn1k1b1r/p1pqn1p1/bN2p3/1p3p1p/1Pp1P3/3P1NP1/P2K1P1P/1RBQ1BR1 b - - 2 13,a7b6,c4c3,c7b6
1nb4r/r2k2b1/2pN3p/ppPpp2P/1Q1Ppp2/1P2B3/P1K1P2P/1R3BR1 w - - 3 31,g1g7,b4e1,b4c3
rnbqk1nr/p1ppp1bp/1p6/5pp1/3PP2P/6P1/PPP2P2/RNBQKBNR w KQkq - 1 5,h4g5,e4f5,d1h5
1rb1k1r1/pp1n2p1/Bb1pqpP1/3P1P1p/P7/2P1QRP1/1P1B4/R3K3 w Q - 2 30,e3e6,d5e6,f5e6
rn1qkbnB/3pp2p/b5p1/p1p5/1p3p1P/PP1P1P2/2P1P1P1/RN1QKBNR w KQq - 0 9,h8e5,g1h3,h8b2
r2k1b2/p1pqpp1p/n2p4/7Q/1p1PP3/5pPb/PPPN1PP1/R3K2R b KQ - 8 19,f3g2,h3g2,h3e6
rn1qkb1r/ppp1pp1p/3P3n/5bp1/5P2/3B4/PPPP2PP/RNBQK1NR b KQkq - 2 5,f5d3,d8d6,g5f4
1r2kb1r/p3ppp1/b6p/nPppP3/2PP2nq/1Q4B1/1P2B1PP/1N2K1NR w Kk - 3 20,b3a4,b3c3,b3f3
2qk3r/r1pb2p1/2nb1p1p/p2pp3/p2P1PPP/3PPB2/3Q1K1N/RNB4R b - - 3 24,e5f4,e5d4,c8b8
1n1qk1n1/r3bp1r/b3p2p/Pppp1P2/2B3p1/P2PP1P1/2P4P/RNBQK1NR b - - 0 14,d5c4,b5c4,e7f6
r1bqk3/3n1p1r/1p2p3/2pP2Np/1pQ5/b1NP2P1/PB3P1P/R2K1Bn1 b q - 1 22,d8g5,b4c3,a3b2
2b1kq1r/rpb2p2/p1p1pR1p/3p4/3PN1KP/1BP5/1P1P2P1/1NB5 w - - 4 31,g4f3,e4c5,e4f2
3r1bnr/3kp3/1p3p1P/p7/2pP1PP1/P3P1R1/1PB1N3/RNB2K2 w - - 2 25,h6h7,b1d2,g3h3
rn3bnr/p1pqpkpp/1p1p4/8/5P1P/Pb1P1PP1/1PP1K1B1/RNBQ2NR w - - 3 12,c2b3,g1h3,e2f2
r1bqkbnr/1p2pppp/p1p5/2np1P2/P7/2PP4/1P2P1PP/RNBQKBNR w KQkq - 1 6,b2b4,e2e4,c1e3
1nbk3r/r1pp2p1/pp2p2q/1Bb1P3/1PPPRpPp/P3BK1N/4NP1P/2R5 b - - 1 30,f4e3,c5e7,a6b5
r1q1r3/2p3kp/1p2p2n/p2p2PP/P2K1pP1/2NbP2B/1b1P3N/2B1n1R1 w - - 2 31,g5h6,g1e1,e3f4
2bq2n1/1rppbp1r/pp5p/3k1P2/PP2p3/2PP3R/2Q1PN2/1RB2K2 w - - 1 31,d3d4,d3e4,c1f4
1r1k3r/pppb4/1Pnnp1pb/3P4/2P2PP1/N2P4/P3K3/R1BQ1BN1 b - - 0 19,e6d5,c6d4,c6b4
3rbkqr/p4pbn/1p5p/3p2p1/Pp1PP2P/RN2P3/1B2KR2/1Q2NB2 w - - 6 28,e1d3,a3a1,b3d2
r1bqk1nr/pppp1pp1/n3p2p/2b5/P6N/6P1/RPPPPP1P/1NBQKB1R b Kkq - 2 5,e6e5,d8f6,g8f6
1r3bnr/1p2p1pp/1k3pn1/pq4P1/2PPP3/1Q3P1N/bP1K3P/5B1R w - - 0 26,b3b5,c4c5,b3a2
rnbqk2r/p1pp2p1/4pp1n/pP6/P3P2p/b1N5/2PP1PPP/R1BK1QNR w q - 4 11,c1a3,a1a3,f1c4
3k1b1r/p1p1p1pn/3p3p/1p3pN1/1P1P4/B3P1P1/P1nN1PbP/2KR1B1R b - - 1 19,h6g5,h7g5,g2d5
r2q1k2/pp2bppr/n3p2p/1b6/1PppP1n1/BR1P1P1B/PQPKN2P/N5R1 b - - 1 24,g4e5,c4c3,g4f2
r1bq2nr/ppppkppp/2n5/4p3/1b2N3/8/PPPPPPPP/R1BQKBNR w KQ - 6 5,a2a3,c2c3,e4g3
r1bqk1nr/p1ppppb1/n7/1p4B1/3PP3/6P1/PPPKNP1P/RN1Q1B1R b kq - 4 7,c8b7,c7c5,d7d5
2b1k1n1/1p1pP1r1/1rp3PQ/p1n5/3B2P1/N1PP4/P1P1P3/R3KBNR b KQ - 0 18,g8h6,c5d3,b6b1
r1b2b1r/3kn1p1/2pNpp1p/pp1P3P/1PPP1PPn/P2Q3B/1B6/R3K1NR w K - 0 28,d6c8,d5e6,b4a5
2b1k1r1/r1p2p1p/n2b3n/pp1Qp1p1/PP1N3q/2P1P1PP/3P1P2/RNB1K2R b KQ - 0 12,h4h5,a6b4,c8b7
rn4nr/p4kb1/PPp3p1/P2p2pp/1RN1BP1P/q3P3/2QP2P1/2BR2K1 b - - 2 27,a3c1,a3b4,a3e3
rn1r4/pp1pk3/B4ppp/3ppP1q/1b2PP2/1PPQ4/P1K5/R1B3NR w - - 0 23,h1h5,h1h3,c1a3
r1b1k1nr/3p1p2/1p1bp1p1/p1p4p/1n4P1/1PPBP2N/3P3P/RNBK1R2 b kq - 0 15,b4d3,h5g4,d6e5
1n3k1r/3p2p1/rpp2p1n/q3N1P1/p1P1P1p1/3K1P2/PBN1B3/1R1Q3R w - - 0 21,b2c3,g5h6,h1h6
1r1k3r/1p1b1ppp/n3p2n/p1p5/P4q1P/3P4/BbN4R/1RBK2N1 w - - 2 22,c1f4,c1b2,b1b2
rn1qkbQr/p1p1p1p1/b2p1p1p/8/PPp5/8/3PPPPP/RNB1KBNR b KQkq - 0 7,h8g8,b8c6,c7c5
rbbqk1r1/1p5p/2p5/2n1pp2/P2p1p1N/2BPP1PP/1P6/RN2KB1R b Qq - 1 23,f4g3,f4e3,d4c3
rnb2b1r/3p2p1/p1q1p1k1/2p2p1p/2RN2PP/3Pn3/1PP5/1NK3R1 w - - 2 28,d4c6,g4f5,g4h5
rnbqk1nr/1pp1ppbp/p2p2p1/8/5P2/1P1PN3/P1P1P1PP/R1BQKBNR b KQkq - 2 6,g7a1,g6g5,d6d5
1rb1k3/p2n3r/1q5n/Pp2Pp1p/2P4P/2pP2PB/1b2NPR1/R3KN2 w Q - 2 25,a5b6,h3f5,f1e3
rnN1k2r/5p1p/1p1b1np1/p1p1pq2/PP1p3P/3P2P1/2PBPP2/R2QKB1R w KQkq - 0 15,c8d6,f1h3,f1g2
r1Bqkb1r/p1p1ppp1/1pnp3p/7n/QPPPP3/N4NP1/PB3P1P/R3K2R b KQkq - 0 11,d8c8,a8c8,b6b5
r2kn1nr/pp1bbPp1/2p5/2q1P3/PPBp4/5p2/R1PP3P/1NBQK2R w K - 1 22,d1f3,f7e8q,e1g1
r1b1kbnr/pp2p1pp/n1pq4/3p1pP1/5P2/P2P4/1PPNP2P/R1BQKBNR w KQkq - 0 7,d2f3,e2e3,g1h3
3qk2r/r1pp1nbp/4pp2/ppP2Pp1/P4Qn1/5bKN/RP1PP1PP/1NB2B1R w k - 4 17,f4d4,f4f3,g2f3
2b2knr/1rq4p/pp6/2p1ppP1/QR1Pp3/BNP3PP/8/1N2KB1R b K - 0 23,c5b4,e5d4,g8e7
r2qk1nr/1pp1ppb1/2n3pp/1p1p4/2P2P1P/P7/1P1P4/RNB1KBNR b KQkq - 0 10,b5c4,c6d4,d5c4
1nbq1bQ1/3pkp1p/rpp1p3/p7/2B1n3/2NP1PPN/PPP4P/R1B1K2R b - - 1 12,e4f6,d7d5,h7h6
rnb3Qr/1p2k3/2pb3p/p1Pppq2/P1BP4/4p1Pp/NP1B1PNK/R6R w - - 0 27,c5d6,g8g7,c4d3
1nb1kb1r/rp1p3p/p5p1/2p1ppq1/N5n1/1PPPBP2/P3P1PP/RQ2KB1R b KQk - 1 15,g4e3,g5e3,f5f4
1nbk3r/rpppn2p/4PpN1/2B3b1/4PqQ1/P5R1/1PP2PB1/RN2K3 b Q - 2 16,h7g6,f4g4,e7g6
r1b1krq1/6b1/2p1pp2/1Q4pp/4p1nP/3p1P1R/PPP3P1/R1BB1KN1 b - - 1 22,c6b5,g4h2,g4e3
4kbr1/q2npp1p/rppp3R/6Pp/2PP4/Np2P3/Pn2N2P/R3KB2 w - - 0 27,a2b3,h6h7,a3b5
1r1nkb1r/2p5/1pqBp1pn/p1Pp2Pp/P2Pp3/2N1PP1P/6K1/R2b1BR1 b - - 2 28,d1f3,f8d6,b6c5
1nb2k2/2p1bpp1/3pr2r/1p4Np/pP2PP1P/P1P4Q/R3P1BR/1NBK4 w - - 5 28,h3f5,h3d3,h2h1
Nrb5/1p2nkpr/2qn3p/p4p2/1b2pPP1/2p4P/PPPQPBB1/3RK1NR w - - 0 30,b2c3,d2d4,d2d6
2rk2n1/3bp1b1/1p1p3r/1p2QPp1/pn4B1/PNPP3P/3K1PPR/RNB5 b - - 0 25,g7e5,d6e5,g8f6
1rbqkb1r/1pp1p1p1/5p1p/p2p4/1QP1NPnP/P7/RP1PPP2/1NB1KB1R w - - 0 17,b4a5,b4c5,b4c3
3r3r/p1qp4/b1nbk2p/1pp2pp1/1P5P/PR1P1PPN/N1P1P1B1/3KR3 w - - 2 27,e2e4,h4g5,b4c5
4bbnr/r4k1p/2p5/q1N1p3/1nP1ppP1/p4P1p/RP1PK2R/1BBQ2N1 w - - 0 26,c5b3,c5e4,g1h3
r4q1r/5k1n/1pn1p1p1/1PppbP1R/8/2P1PN2/3P1P1P/RNBK1B2 w - - 1 22,b5c6,a1a8,h5h7
rnqk1bnr/p1pppp1p/b7/1p4p1/P7/5P2/1PPPPNPP/RNBQKB1R b KQ - 2 6,b5b4,b5a4,d7d6
r1bqk1r1/1ppp1pnp/nN5B/2b1p3/B3P2p/3P1N2/PPP1KPP1/1R1Q3R b q - 2 12,c5b6,c7b6,g7f5
rnbqkb1r/2p1p1pp/1p1p3n/p4p2/4P3/2N2NP1/PPPP1PBP/R1BQK1R1 b Qkq - 1 6,f5e4,g7g6,c7c6
3k2nr/rp2pQ2/Bnp4p/1N1p1b2/4qPP1/4PN2/P1P2K1P/1R2B2R w - - 5 23,f7f8,e1c3,f7f5
rnb1qbnr/1p1pkpp1/2pNp2p/p5N1/8/5P2/PPPPP1PP/R1BQKB1R w KQ - 4 7,d6e8,g5f7,g5e4
1n1bq3/r1p2k2/p2pbp1r/1p1P2Pp/PP5P/1N2R3/R1P1P1P1/1N1QKB2 w - - 3 23,g5h6,d5e6,e3e6
r1q1kbnr/p2p4/Qpn2pp1/2p1p2p/1PP3PP/P4P2/3PP2R/RNB1KBN1 b Qkq - 0 11,c8a6,c8b8,h5g4
r3kbnr/2p1p1p1/3q1p1p/pp1pn3/5PP1/P1BP1b2/RPP1K2P/1N1QNB1R w k - 4 17,e1f3,e2d2,e2f2
rnbq3r/p4ppp/BpkbP3/7n/2P3P1/2P5/PPQ2P1P/RNB2KNR w - - 1 13,c2e4,a6c8,e6e7
QnbN1b2/1r1p3n/p4kpr/1pp1pP1p/P7/2PPB1P1/RP2P2P/1N1K1B1R w - - 3 19,d8b7,f1g2,f1h3
r1bqk2r/pppp1n2/8/4p1pp/Pb2P3/NPPQ2NP/R2n1PP1/2B1K2R b Kq - 0 17,d2b3,b4a3,d2e4
rnb1k1nr/pp1pb1p1/2p2p1p/4p3/q5P1/4PB2/PPPP1P1P/1RBQK1NR b Kkq - 1 10,d7d5,a4b4,a4c4
r1bq1k1r/p1pp4/5n2/Pp2p1pp/1P1nP1pP/8/2PPNP2/RNB1KB1R w KQ - 1 11,e2d4,b1c3,f1g2
r1b2k1r/5npp/2p5/ppbp1p2/1nB4q/1P2P2N/PBPP1PP1/RNQ1K2R w KQ - 0 15,c4e2,c4d3,a2a3
r6r/7p/1pP1kB1n/3ppb2/1bp3q1/5P1P/PN2P1P1/R1K2BR1 b - - 2 26,g4f4,a8a2,g4d4
rnk2bNr/4p3/p3b2p/2PpP1p1/P2Pp3/3pP3/R5PP/3K1B1R w - - 2 25,g2g4,a2b2,g2g3
1rb3nr/1p1pkq2/5bp1/2n1P2p/4P2P/NRP1KP1N/P5PR/5B2 b - - 0 22,f6e5,f6h4,c5b3
2bk2n1/prp5/1p1qpp1r/1NPp1Ppp/B2n4/3KP1PN/P1PP3P/R1BQ3R w - - 4 17,c5d6,b5d6,b5d4
rn1qkbr1/1bp1ppp1/p7/1p5p/4P3/2P1KPP1/PPNPQ2P/R1B1n1NR w q - 4 13,c2e1,e2e1,c2a3
r1b1kbnr/4qp1p/nppp2p1/P2Pp1N1/8/P7/2P1PPPP/RNBQKBR1 b kq - 0 10,f8g7,a6c7,g8f6
r2qkb1r/pppbpppp/n6n/3p4/Q1P3P1/4P2B/PP1P1P1P/RNB1K1NR b KQkq - 2 5,d7a4,e7e5,h6g4
r1bqkbnr/pppppp2/2n4p/6p1/8/1PN4P/P1PPPPP1/R1BQKBNR b KQkq - 1 5,d7d5,f8g7,e7e5
rnb1kbnr/pp1ppp1p/8/5qp1/5P1P/P1NP3R/1PP1P1P1/R1BQKBN1 b Qkq - 2 7,g5f4,g5g4,f5a5
r2b2nr/p1n5/3k1p2/qpppp1N1/1PP2PbP/R2PQ1R1/1B2P2P/3K1B2 b - - 0 26,a5b4,a5b6,g4e2
rnb1kbr1/q2p1p1p/pp2p1pn/8/P1p1P2P/N2PQPP1/1PP4R/R1B1KBN1 b Qq - 1 11,d7d5,c4d3,c4c3
bN1q1r2/N1p1nk1p/r2ppp1b/P2n4/3KP1PP/B5P1/2PP4/R2Q1B1R b - - 0 21,d8b8,a6a7,a6a5
1r2kbnr/p2b3p/n3q3/2Np1pp1/5p2/P2PP3/1PP1K1PP/1RB2BNR w - - 1 20,c5e6,c5d7,c5a6
r4k1r/3n3p/p3bp1n/6p1/PPPQpb2/1R2P3/3P3P/1NBK1B1R w - - 0 31,e3f4,f1e2,d4e4
2r2k1r/pp3n2/3bppP1/5PN1/bp1p2Pp/B2qn1R1/P1P1Q1B1/1R4K1 w - - 0 31,e2d3,g5e6,c2d3
rnbq3r/2pp1kp1/Qp6/3Ppp1p/3N4/b1PB2PP/PP1P1P2/RNB2RK1 b - - 0 15,c8a6,b8a6,a8a6
r1bq1bnr/pppkpp1p/3p4/4n1p1/1P1P4/4BP1P/P1P1P1P1/RN1QKBNR w KQ - 0 6,d4e5,h3h4,e3g5
r1Bnkr2/8/p4Ppb/n1p4p/4Pp1P/PPPK2PN/RQ1P2R1/1NB5 b q - 5 27,a8c8,f4f3,c5c4
rn1q1b1r/p1p1pk1p/3p2pn/1B3p2/1P1PP3/3Q1N1b/P1P2PPP/RNB1K2R b KQ - 2 8,c7c6,h3g2,h3g4
2b1k3/r5br/p1nq3p/Pp1ppPpP/3p2P1/1PP2P2/4NQB1/RN1K2R1 b - - 8 30,g7f6,e8f8,a7c7
2rqk2r/ppp1bp1p/2P5/P3p1p1/4P3/5P2/1PQP1nKP/RNB3NR b k - 2 14,f2d3,g5g4,b7b6
r1b3kr/ppp4p/3qp3/P1Pp3P/3P1pn1/5P2/PbN1P1P1/3KRBNR b - - 0 20,g4f2,g4e3,d6a6
4rbnr/p1pq1kp1/2b1p3/Pp1p1p1p/1n2P2P/NP1B1P1Q/R1PPK1P1/2B3NR b - - 6 18,b4a2,f5e4,d5e4
3k1b1r/1p2pp2/5npp/pQn4P/P1P5/3P2Pb/2P1PP2/R3KBNR w KQ - 0 19,b5a5,f1h3,h1h3
rnb1kbnr/1pp1pppp/p1N5/1P1p4/5P1P/8/P1qPP1P1/RNBQKB1R b KQkq - 1 7,c2d1,c2g6,c2f5
rnb2bnr/pp1kq2p/2p2p2/3pp1P1/1P4P1/B7/P1PPPK1P/RN1Q1BNR b - - 0 8,f6g5,e7g7,e7f7
r1bqk1r1/p1pp1n1p/2R2pp1/np6/Pb6/N6P/2PPPPPR/2BQKBN1 b q - 1 14,d7c6,a7a6,a8b8
rnbk1bnr/p1p5/1p2p2p/3pPp2/1PQP2p1/R3B1PP/5P2/1N1qK1NR w - - 0 20,e1d1,,
rnb1kbnr/p2p3p/1pp3p1/6N1/P4pP1/8/1PPP1K1P/RNBQ1B1R b kq - 1 9,f8e7,g8f6,d7d5
rnbqkbnr/1pp1pppp/p7/3p4/4P3/1P3QP1/P1PP1P1P/RNB1KBNR w KQkq - 1 5,e4d5,f1g2,c1a3
r4b1r/4k2p/1p1qnnpP/pPpppp1R/4NPb1/4P3/PRPPB1P1/2BQK3 w - - 8 21,e4d6,h5f5,e4f6
2r1n2r/p2Nkp1p/2pb4/qp6/5Bp1/2P1P1Pb/P7/1R1QKB1R w K - 1 26,d1d4,d1b3,h1h3
2bqkbnr/rp2p1p1/p2p3p/2p1npNP/P1PP2P1/NP6/R3PP2/2BQKB1R b Kk - 0 11,c5d4,e5g4,e5c6
r1bqkbnr/p1ppp1p1/8/1pN4p/1n3p2/1P1P4/PBP1PPPP/R2QKBNR w KQkq - 0 9,d3d4,a2a3,d1d2
5b1r/r1p1kppp/n3p3/pp1p2q1/P2P2BP/RPBbP3/2PK1PR1/6Nn w - - 0 22,h4g5,a4b5,c2d3
Nnbk3r/3p4/3p2pp/p7/PPp3n1/2PB1Pp1/1B4PP/3RK2R b K - 1 24,c4d3,g4f2,h8e8
rn2k1b1/2p3r1/pp1p2p1/3qp3/PPN2Bp1/2PP1N2/1RQ1PP1P/4K2R b Kq - 2 24,e5f4,g4f3,d5b7
r2k2nr/1p6/2n4p/b2p1pq1/2Q2PPP/1PP4b/P2PNK1R/RNB2B2 w - - 1 19,c4d5,h4g5,h2h3
rnbqkb1r/ppp2pp1/3p1n1p/4p3/N3P1P1/8/PPPPKP1P/R1BQ1BNR b kq - 1 5,c8g4,d6d5,b7b5
r1bqkbnr/1p1ppp1p/n7/pNp3p1/3P1N2/8/PPP1PPPP/R1BQKB1R b KQkq - 3 6,g5f4,d8b6,g8f6
rnb1kb2/2q1p1r1/1p3p1p/P1pn2pP/3Pp1PR/P4N1B/1BP1PP2/RQ2K3 w Qq - 0 17,c2c4,f3e5,f3g5
1nr3k1/r3qp1p/2P2n2/p5N1/p2Pp3/2P5/1PKQ1bPP/4R1R1 b - - 5 29,e4e3,f2e1,f2g1
4r1nr/ppnk3p/3P2p1/2pp1pN1/2b2B2/2QP3P/PP3KP1/1R3BNR b - - 0 29,c7b5,c7e6,c4d3
rnq1kbr1/4pnpp/5p2/pppp3b/1P3P2/P1NPP3/2PB3P/RQ2KBNR b q - 5 15,e7e6,f7d6,a5b4
r1Q3nr/ppp1kpp1/2n5/1B1p3p/3Ppq1P/1PN1P1N1/PbP3P1/1RBK1R2 w - - 5 17,c3d5,g3f5,f1f4
r1b2knr/1ppn4/6p1/p2pp2p/PbP2p2/2N1PPqP/2QPK1P1/1RB2B1R w - - 0 16,b1b4,c4d5,c3d5
4kb1r/1bqppp2/r1p3pn/4P1Np/p4P2/PP1NnK2/3P3P/R1B1Q2R b k - 9 20,e3c2,c6c5,e3f5
1nq1kb1r/4pN2/rP1p4/2p5/pP1n1P1p/R1P3pP/1Q2P3/1NBK1BR1 w k - 0 19,f7h8,c3d4,b4b5
r1b1kbnr/p4p2/1B1p4/1pp1p1pp/P1PPqPPP/8/1RPNP2R/2QK1BN1 b - - 1 23,e4f4,e4e3,e4d4
r1k2bn1/pp2p1p1/n4p1r/2p1NN2/5P2/1Q2B2p/PP4PP/R3KBR1 w - - 4 22,b3e6,f5d6,f1a6
r1bqkbnr/p1p1ppp1/np6/3p3p/P3P1P1/8/1PPP1P1P/RNBQKBNR w KQkq - 0 6,f1b5,d2d4,g4g5
B1b2bn1/q3k3/3ppp1r/1pp4p/1n2PPQ1/3PN2N/2PR2PP/2B3K1 w - - 2 25,g4g8,g4g3,g4e2
rnb1kb1r/pp1p1p2/2P3pn/4p2p/1PB1PN2/2N3P1/P1PB1P1P/R2K3R w kq - 1 14,c6b7,c6d7,f4d5
rq2kbnr/pp2pb2/4n1p1/1N1p1P1p/P4P1P/6PB/1BPP4/1R1QK1NR w kq - 1 16,f5e6,b2e5,b2h8
2r1kbr1/4pppp/1p6/4p3/pP1N1P2/N1P1P1q1/P2K4/R1B2B1R b - - 3 20,e5d4,g3f2,e5f4
1nbk1b1r/1pp4p/6qn/r3p3/pP1pP1Q1/1N1P3P/PBP2PP1/2RK1B1R b - - 3 16,c8g4,h6g4,a5b5
1rbqkbnr/p1pppppp/2n5/1p1N4/4P1P1/5N1P/PPPP1PB1/R1BQK2R b KQk - 2 7,e7e6,h7h5,c8b7
2b5/rp2k2r/Pbp2npp/3Pp1q1/p1PP1p2/P4P1Q/3NK1PP/1RB2B1R w - - 0 28,h3c8,a6b7,d2e4
r4bn1/p1n2k1r/b2pBp1p/1pp1Pp2/1q4PP/P1PPK3/1P2N3/R1B2QNR b - - 0 20,c7e6,f7g7,f7e6
rnb3nr/1q1p2pp/2p1ppk1/ppP5/2NP2P1/5P1N/PPQKPbBP/R1B4R b - - 1 14,g6f7,f6f5,g6h6
r3kbnr/1b2ppp1/p7/n1Pp2Np/p4qB1/N1PP2P1/R1Q1P2P/2B1K2R b kq - 1 16,f4g4,f4c7,f4b8
2rkn2r/1pp2p2/1p5p/P1np2PP/RP1Q1P2/4B2B/5P2/4K2R b - - 0 30,c5a4,h6g5,c5d3
r3kN2/2p1pp2/5n2/1p1p1P2/1P6/RP6/1P1NPr2/2BQKBR1 b q - 1 19,a8a3,f2f1,e8c8
r2qk3/p1pnr1pp/b2p1P2/2b2p2/1pP1N3/4P3/PPQPK1PP/RNB2BR1 b q - 0 13,e7e4,f5e4,e7f7
rnbqkbnr/ppp5/3pp3/1N3Ppp/2P5/5P2/PP1PB1PP/R1BQK1NR w KQkq - 1 8,f5e6,d2d4,h2h4
rnbqk1nr/1p1pppbp/8/p1p3p1/P6P/R7/1PPPPPPR/1NBQKBN1 w kq - 0 5,h4g5,e2e4,e2e3
1rnqkbr1/p7/bp1p1pp1/Np5p/P3P2n/1P4P1/R1P2K1P/2B3NR w - - 4 29,a5c6,a4b5,g3h4
rn3bnr/2pp1k2/p3p1p1/5Pqp/1p6/BP5P/P1PPNPBR/1R1QK3 b - - 0 13,f8d6,a8a7,b4a3
r1b1kbnr/2pp2pp/n3p2q/pp3p2/Q1P3P1/N3P2P/PP1P1P1R/1RB1KBN1 b kq - 2 9,b5a4,f8d6,b5b4
r1bk1bn1/1ppq1pp1/p1npp2r/5P1p/P2P2P1/2B2N1P/RPP1P3/1N1QKB1R b K - 2 11,h5g4,g8e7,d6d5
2bq1k2/r1p1n3/p3ppr1/1P1n1P1P/1b6/3BP1p1/PB1P4/RN1K2NR w - - 5 27,h5g6,b2d4,f5g6
r1bqkbnr/1pppn1pp/5p2/p3p3/4P1P1/2N4B/PPPP1P1P/R1BQK1NR b KQkq - 1 7,d7d5,h7h5,c7c6
rn1qk2r/pb1pnp2/6pp/2pPp3/2p1P3/N1P4P/P2Q1PP1/R3KBNR w Kkq - 0 16,a3c4,f2f4,f1c4
r1bqkbnr/n1p1ppp1/1p1p3p/p7/6P1/P2BPQ1N/RPPP1P1P/1NB1K2R b Kkq - 1 10,d6d5,c8d7,a8b8
rn2kb1r/pbpq1p2/7p/p1P1pPPn/4B1P1/1PN1P3/2P2N2/1RQ1K2R b K - 2 25,b8c6,c7c6,h5g3
1q2r3/rb2p2p/ppnk1p2/P1p3p1/3P1nP1/3B1p1N/1PPK1P1P/1RB5 w - - 0 30,h3f4,a5b6,d4c5
Bnb1kB1r/3pnp1p/p3p1p1/Rp6/PP3P1b/2P3P1/R2Np3/3QK1N1 b k - 1 18,e2d1n,e2d1q,e2d1r
rnbk1r2/6pp/p1p1p3/1p1p1p1P/5P2/P1N1Pq2/R1P2K1R/3Q2N1 w - - 2 30,g1f3,d1f3,f2f3
rn3bnr/p4k2/1p1p4/1bp1pppp/2P1P3/NP1N2RP/P2P1P2/R1BQ2KB w - - 3 17,c4b5,a3b5,d3e5
1Qbqkbnr/n2pp3/8/p1r4p/P5pP/R2PB1p1/3NP3/4KBN1 w k - 0 29,e3c5,d2c4,b8b1
rn2kb2/p1p2p2/1p2pnP1/4P2r/b1P2Rq1/8/1P1P1KP1/RNB2BN1 b q - 0 17,g4f4,f8c5,f6e4
1n3b1r/1b1kp1Bp/r6n/1p1p4/p1pP1pP1/N1P2P1B/PK3Q1P/1R4NR w - - 0 28,g7h8,g4g5,g7f8
2b1k1nr/1p1qbp2/npp1p2p/r1P5/1P1N1P2/4K2R/PR1PP1P1/2BQ1B2 w k - 2 17,b4a5,d4c6,e3f2
2rqkbnr/1pp3pp/8/p1PPpp2/P4B1P/1PP5/4KPP1/Rb1Q1BNR b k - 3 12,e5f4,b1e4,g8f6
rn3bnr/Pkp2q2/3p3p/5Bp1/3Pp1P1/Pp2PPQP/2NBK2R/RN6 w - - 0 29,a7b8q,a7b8r,b1c3
r1bqk1r1/pp1pppb1/n1p3p1/7Q/4PN1P/1BN1n3/PPPPKPP1/R1B4R b q - 0 10,g6h5,g8h8,d7d5
r4r2/pp1b2k1/B3p3/P2pPppp/2p2PP1/NPN2K1P/2P5/R3B2R w - - 1 31,g4h5,g4f5,a6b7
rn1qkb1r/p1p1pppp/BP5n/8/8/N2pP2b/PP1P1PPP/R1BQ1KNR w kq - 2 8,a6b5,b6b7,g1h3
4nb1r/r1p1q3/p6k/4pp1p/p2p4/2P2PP1/1R1PPNBP/1N2QKR1 b - - 5 30,a4a3,e7e6,e7f7
1rbq1bnr/p2p1kp1/np2pp2/2p4p/P1PP1P2/R4NPP/1P2P3/1NBQKB1R w K - 1 10,d4d5,e2e4,a3d3
r2q1br1/p2kp1pn/Bpn5/2pp1p1Q/1N1P1PPR/PP2P3/2P3P1/R1B1K1N1 b Q - 3 16,c5b4,h7f6,c6b4
rnbq1k1r/3p1p2/1pp2Ppp/1p2b3/2P2P2/PP5N/3QP1P1/R1K2B1R b - - 1 18,e5a1,e5f6,e5c7
rnb1k1nr/1p1pqpbp/p7/4p3/1pPPP3/P5p1/RP1B1PPP/1NNK1BR1 b kq - 3 13,g3f2,d7d6,e5d4
1rb1r1k1/3n2pp/ppQbP2n/2p2p2/2P5/R2PP3/1q1N1KPP/2B2B1R w - - 4 22,c1b2,e6d7,c6d5
r2q1bBr/pbp1k3/3p1pp1/4p2p/1P2P1n1/P1P2N2/N3Qn2/R1B1K2R w - - 2 23,g8b3,e2c4,h1f1
rnb1kbn1/pp1ppppr/2p5/q6p/P7/2P4N/RP1PPPPP/1NBQKB1R w Kq - 1 5,e2e4,d2d4,b2b4
r3kbnr/pbp1p1p1/n2p3p/8/1p2PpqP/PP3PP1/2PP4/RNBQK1NR w KQ - 0 13,f3g4,a3b4,d2d4
5b1r/p3p1pp/n1k5/5Q2/1p3PP1/1R2P3/3PBKP1/1nB2R2 b - - 1 29,e7e6,e7e5,b1d2
1rbk1b1r/pp2p1pp/n2pqp1n/2p5/PP1PN1PP/4B3/2P1PP1R/1R1QKBN1 w - - 1 13,b4b5,f1g2,e3h6
rn1qkb1r/2p2ppp/1p2p3/pn1p4/3P2bP/PP6/2PKPP1N/RNBQ1B1R b kq - 1 13,d8h4,g4h5,g4f5
2bqk1r1/2ppppbp/3r2pn/pP6/4P1P1/BP1n1B1P/P2P1P2/3RQKNR w - - 4 18,e1e3,e1e2,e4e5
r5r1/p2k2bp/1n3p1n/p5p1/P2ppP2/NPP2bPP/R2PQ2N/2BK1R2 w - - 2 29,h2f3,f1f3,e2f3
1n5r/r4p2/pPNbk1pn/5q2/3pPP2/P2P2pP/1RP1R1K1/2BQ2N1 w - - 2 29,e4f5,c6d4,b6a7
r4knr/1b2p1b1/2n4p/pBp1PpN1/P2P1p2/3P4/Nq3Q1P/R1B2K1R w - - 6 30,g5e6,g5h7,c1b2
r1b1k2r/p2ppp2/qpn3Qn/1NpP2p1/2P4p/2P2P1N/R2BP1PP/4KB1R w K - 4 17,g6g7,b5c7,g6b1
rq2kbn1/p1p1p1pr/1p1p4/1N2npNp/PP3P2/3P4/RBP1P1PP/3QKB1R b Kq - 0 12,e5g4,h7h6,b8b7
rnb3nr/p2pkppp/2p5/1p2p3/3NPPPb/1P6/P1PP1Q1P/1RB1K1NR w K - 0 12,f2h4,d4f5,c1a3
3k1b1r/r2Np3/5nBp/2P1Pp2/p2p1P1P/P1P1B1PR/bP3K2/3R2N1 w - - 5 30,d7f6,d1d4,e3d4
4k3/r2np2B/p1p1bpPr/1p1p2b1/1P1N2Rp/PqPP4/3B1P2/RNK5 w - - 0 31,d2g5,f2f4,d4b3
B3k1nr/p1p4N/3pp2b/5Pqp/Pp1nP2P/2RP3p/1P1P4/2B2QK1 w - - 2 25,h7g5,h4g5,g1h1
1BBqkb1r/r2pp3/1R5p/2pn1pp1/P3PP1P/3P2P1/2P5/5KNR b - - 2 24,d8b6,d5b6,d5e3
rn2kbnr/q2p1p1p/p1p2p2/3N4/1p1pP1PP/P4R2/1P1KBP2/RN1b4 b kq - 1 16,d1e2,c6d5,d1a4
rnb2b1r/p1pqpkpp/1p5n/3p1p2/P2P4/6PP/1PP1PP2/RNBQKBNR w KQ - 2 7,c2c4,f1g2,g1f3
2b1k3/r1pr3p/2n1N1pb/1p1p1pN1/p5P1/PP2P2B/2PB3P/1R4KQ b - - 5 26,a4b3,h6g5,b5b4
1nbrn3/2p1kp2/p3p3/1p6/2P3P1/8/Pb1PRP2/RNB1KBN1 w Q - 1 23,c1b2,e2e6,e2e3
rn1qkbnr/p1pppppp/8/1p1b4/1P3PP1/B1P5/P2PP2P/RN1QKBNR b KQkq - 0 5,d5h1,h7h5,e7e5
r1b2bnr/1Bpp1kpp/5q2/p3p3/Pp3PpP/4PQ2/RPPP4/1NB1K1NR b K - 2 11,g4f3,c7c6,f6e6
rn1qk1nr/b1pp2p1/2b4p/pp1PNp2/5NP1/5P2/1PP1P2P/1RBQKB1R w Kkq - 1 14,d1d3,e5g6,f4g6
1nrqkb1r/ppp2ppp/B3pnb1/3p4/1P1PPB1P/P1P5/5PP1/RN1QK1NR w KQk - 4 11,a6b7,d1a4,e4e5
r1bq3r/pppp1kbp/n2P3n/4ppp1/5PP1/4B3/PPP1P2P/RN1QKBNR w KQ - 1 9,f4g5,g4f5,d1d5
r3k2r/2pp2pp/p5p1/nPb1p2n/1PQ2B2/3P3P/P3P1b1/RN2KBNR b KQkq - 1 20,a5c4,c5d6,c5e7
rnb1kbr1/ppp2ppp/2np4/4p1q1/P5P1/5P2/1PPPP2P/RNBQKBNR w KQq - 1 7,h2h4,f1g2,g1h3
1r1qkb1r/p1p1n2p/b3pp2/np1p2p1/4P3/NPPP1B2/PQ3PPP/R1B1K1NR b KQk - 4 12,a5c6,h7h5,d5e4
1r1q2n1/p1pk1pp1/1p4r1/n2pP2P/1Pb1PP2/P1P3pN/3B4/RN4KR w - - 1 31,h5g6,b4a5,d2e3
r1b3r1/1pk4p/6p1/p2pp3/4nNQP/PPBP2P1/3N1P2/1R2KB1R b - - 1 28,e4c3,e5f4,c8g4
1rbqkbr1/pppppppp/n7/8/6nP/2P1P3/PP1PQPP1/RNB1KBNR w KQ - 1 6,e2g4,d2d4,e3e4
r3kbnr/pb4pp/n4p2/1p2p1N1/Pqp1pP2/2PP1Q1P/1P4P1/RNB1KB1R w KQkq - 1 12,g5e4,d3e4,f3f2
1n1q1b1r/r3pk1p/p1p2ppn/1p1p4/2Q5/2NBP1Pb/PPPP1P2/1RBK2NR w - - 0 12,c4d4,c4h4,c4c5
rnbqkbnr/4p3/2p2p2/pp5p/P4p2/1P2p2B/2PPQ2P/RNBN2RK b kq - 1 17,c8h3,d8d5,e3d2
4q3/rbppr3/p1n1k3/4pppp/Pb4PP/1nPQ1P2/1R2K1RN/4BB2 b - - 3 29,b3c1,e5e4,h5g4
rnb2b1r/pp2k1p1/5n1p/4ppN1/2p1P2P/P5PQ/PRpP1P2/2B1KB1R b K - 3 14,h6g5,c4c3,g7g6
r3qbn1/pbp1k2r/n3p3/3pPppP/p6P/3P2Q1/RPP2P1B/1N2KBNR w K - 1 17,g3g5,h4g5,d3d4
2brNk1r/p6p/n1p4R/1pq1N1P1/PP1pnP2/6P1/1bPPP3/R2QKB2 w - - 7 25,b4c5,h6f6,e5g6
rnbqkbnr/p2ppp2/1p6/1p4pp/4P3/N2P4/P1P2PPP/R1BQKBNR w KQkq - 0 6,c1g5,a3b5,c1b2
1r2kbnr/p1qnppp1/1p1p3p/2p2bP1/2P4P/P3P3/RP1PKP2/1NBQ1BNR w k - 1 9,d2d3,b1c3,a2a1
2bqkbnr/prpppppp/np6/1B6/8/4PQ1P/PPPP1PP1/RNB1K1NR b KQk - 3 5,b7b8,a6b4,a6b8
r1b4r/3p1p2/pp1k1qp1/2pp1Q1p/Pbn5/1P2PPPN/1R1n4/3K1BR1 b - - 7 29,c4e3,c4b2,g6f5
1rbq2k1/p1B4r/3p1ppb/1P1n4/1P4P1/n3PP1N/P2P3P/RN2KB1R w KQ - 1 22,c7d8,c7b8,b1a3
rn2kbn1/3q2r1/pPp5/1NPp3p/B2pP1bP/7N/1P3PP1/R3QK1R w - - 2 27,e4d5,b5c7,b5d4
r1bqkbn1/pppppp1r/n7/6pp/4P1P1/2N4N/PPPPBP1P/R1BQK2R w KQq - 0 8,h3g5,d2d4,g4h5
2bqkbnr/rppnp2Q/5pp1/p7/2PN3p/3B1N2/PP1P1PPP/R1B1K2R b KQk - 0 13,h8h7,d7b8,d7e5
r1b1kbnr/p3pp1p/np1q2p1/2pp4/P1P1P2Q/1P1P4/R3BPPP/1NB1K1NR w Kkq - 0 10,c4d5,e4d5,d3d4
r1bqkbnr/1pppp1p1/8/p1n2p2/6Pp/NP1P3N/P1P1PP1P/R1BQKB1R w KQkq - 0 7,g4f5,d3d4,e2e4
2rqk1nr/2pn1pbp/1p2p3/p1Pp1bN1/Q2PP3/P7/RP1NBPPP/4K2R b Kk - 0 13,d5e4,d8g5,f5g6
